<?xml version="1.0" encoding="utf-8"?>
<ckplayer>
	<share_html>
	{iframe src ="http://www.cn1010.com/player/?[$share]" width="600" height="450" scrolling="no" frameborder="0"}{/iframe}
	</share_html>
	<share_flash>
	http://www.cn1010.com/player/?[$share]
	</share_flash>
	<share_flashvars>
	VideoIDS,my_pic,a
	</share_flashvars>
	<share_path>http://www.cn1010.com/player/share/img/</share_path><!--分享图片的文件夹地址-->
	<share_replace>
	</share_replace>
	<share_permit>0</share_permit><!--是否有视听许可证,默认0没有，1是有-->
	<share_uuid>
	c25cf02c-1705-412d-bd4b-77a10b380f08
	</share_uuid>
	<share_button>
		<share>
			<id>qqmb</id>
			<img>qq.png</img>
			<coordinate>20,50</coordinate>
		</share>
		<share>
			<id>sinaminiblog</id>
			<img>sina.png</img>
			<coordinate>101,50</coordinate>
		</share>
		<share>
			<id>qzone</id>
			<img>qzone.png</img>
			<coordinate>182,50</coordinate>
		</share>
		<share>
			<id>renren</id>
			<img>rr.png</img>
			<coordinate>263,50</coordinate>
		</share>
		<share>
			<id>kaixin001</id>
			<img>kaixin001.png</img>
			<coordinate>20,85</coordinate>
		</share>
		<share>
			<id>tianya</id>
			<img>tianya.png</img>
			<coordinate>101,85</coordinate>
		</share>
		<share>
			<id>feixin</id>
			<img>feixin.png</img>
			<coordinate>182,85</coordinate>
		</share>
		<share>
			<id>msn</id>
			<img>msn.png</img>
			<coordinate>263,85</coordinate>
		</share>
	</share_button>
</ckplayer>